Date,Time,milisecond,Channel 0,Channel 1,Channel 2,Channel 3,Channel 4,Channel 5,Channel 6,Channel 7,Channel 8,Channel 9,Channel 10,Channel 11,
2019-5-16,9h58m41s,0ms,25.3771,27.7862,1.31991,554.47,2.11337,400,0.00163272,52.5821,0.00446326,1768,20,1820,
2019-5-16,9h58m41s,187ms,25.3771,27.7862,1.31991,554.47,2.11337,400,0.00163272,52.5821,0.00156405,1768,20,1820,
2019-5-16,9h58m41s,374ms,25.3771,27.7862,1.31991,554.47,2.11337,400,0.00163272,52.5821,0.00156405,1768,20,1820,
2019-5-16,9h58m41s,562ms,25.4773,27.7862,1.23445,554.47,2.11337,400,0.00163272,52.5821,0.00156405,1768,20,1820,
2019-5-16,9h58m41s,749ms,25.4773,27.7862,1.23445,1372,1.97604,400,0.00163272,52.5821,0.00156405,1768,20,1820,
2019-5-16,9h58m41s,936ms,25.4773,27.7862,1.23445,1372,1.97604,400,0.0031281,52.5821,0.00156405,1768,20,1820,
2019-5-16,9h58m42s,123ms,25.4773,27.7862,1.23445,1372,1.97604,400,0.0031281,1000,0.00438697,1768,20,1820,
2019-5-16,9h58m42s,310ms,25.4773,27.7862,1.23445,1372,1.97604,400,0.0031281,1000,0.00438697,1768,20,1820,
2019-5-16,9h58m42s,498ms,25.4773,27.7862,1.23445,1372,1.97604,400,0.0031281,1000,0.00438697,1768,20,1820,
2019-5-16,9h58m42s,685ms,25.4773,27.7862,1.31075,1372,2.08286,400,0.0031281,1000,0.00438697,1768,20,1820,
2019-5-16,9h58m42s,872ms,25.4773,27.7862,1.31075,1372,2.08286,400,0.00331121,1000,0.00438697,1768,20,1820,
2019-5-16,9h58m43s,59ms,25.4773,27.7862,1.31075,1372,2.08286,400,0.00331121,1000,0.00415808,1768,20,1820,
2019-5-16,9h58m43s,246ms,25.4773,27.7862,1.31075,1372,2.08286,400,0.00331121,1000,0.00415808,1768,20,1820,
2019-5-16,9h58m43s,434ms,25.4773,27.7862,1.31075,1372,2.08286,400,0.00331121,1000,0.00415808,1768,20,1820,
2019-5-16,9h58m43s,621ms,25.4773,27.7862,1.28634,1372,2.08286,400,0.00331121,1000,0.00415808,1768,20,1820,
2019-5-16,9h58m43s,808ms,25.4773,27.7862,1.28634,1372,2.09812,400,0.00315862,1000,0.00415808,1768,20,1820,
2019-5-16,9h58m43s,995ms,25.4773,27.7862,1.28634,1372,2.09812,400,0.00315862,1000,0.00453956,1768,20,1820,
2019-5-16,9h58m44s,153ms,25.4773,27.7862,1.28634,1372,2.09812,400,0.00315862,1000,0.00453956,1768,20,1820,
2019-5-16,9h58m44s,273ms,25.4773,27.7862,1.28634,1372,2.09812,400,0.00315862,1000,0.00453956,1768,20,1820,
2019-5-16,9h58m44s,393ms,25.4773,27.7862,1.28634,1372,2.09812,400,0.00315862,1000,0.00453956,1768,20,1820,
2019-5-16,9h58m44s,513ms,25.4773,27.7862,1.28634,1372,2.09812,400,0.00315862,1000,0.00453956,1768,20,1820,
2019-5-16,9h58m44s,633ms,25.4773,27.7862,1.28328,1372,2.09812,400,0.00315862,1000,0.00453956,1768,20,1820,
2019-5-16,9h58m44s,776ms,25.4773,27.7862,1.28328,1372,2.11337,400,0.00315862,1000,0.00453956,1768,20,1820,
2019-5-16,9h58m44s,963ms,25.4773,27.7862,1.28328,1372,2.11337,400,0.00321965,1000,0.00453956,1768,20,1820,
2019-5-16,9h58m45s,150ms,25.4773,27.7862,1.28328,1372,2.11337,400,0.00321965,1000,0.00423438,1768,20,1820,
2019-5-16,9h58m45s,337ms,25.4773,27.7862,1.28328,1372,2.11337,400,0.00321965,1000,0.00423438,1768,20,1820,
2019-5-16,9h58m45s,524ms,25.4773,27.7862,1.29854,1372,2.11337,400,0.00321965,1000,0.00423438,1768,20,1820,
2019-5-16,9h58m45s,712ms,25.4773,27.7862,1.29854,1372,2.02182,400,0.00321965,1000,0.00423438,1768,20,1820,
2019-5-16,9h58m45s,899ms,25.4773,27.7862,1.29854,1372,2.02182,400,0.00331121,1000,0.00423438,1768,20,1820,
2019-5-16,9h58m46s,86ms,25.4773,27.7862,1.29854,1372,2.02182,400,0.00331121,1000,0.00438697,1768,20,1820,
2019-5-16,9h58m46s,273ms,25.4773,27.7862,1.29854,1372,2.02182,400,0.00331121,1000,0.00438697,1768,20,1820,
2019-5-16,9h58m46s,460ms,25.4773,27.7862,1.31685,1372,2.02182,400,0.00331121,1000,0.00438697,1768,20,1820,
2019-5-16,9h58m46s,648ms,25.4773,27.7862,1.31685,1372,2.12863,400,0.00331121,1000,0.00438697,1768,20,1820,
2019-5-16,9h58m46s,835ms,25.4773,27.7862,1.31685,1372,2.12863,400,0.00328069,1000,0.00438697,1768,20,1820,
2019-5-16,9h58m47s,22ms,25.4773,27.7862,1.31685,1372,2.12863,400,0.00328069,1000,0.00423438,1768,20,1820,
2019-5-16,9h58m47s,209ms,25.4773,27.7862,1.31685,1372,2.12863,400,0.00328069,1000,0.00423438,1768,20,1820,
2019-5-16,9h58m47s,396ms,25.5775,27.8938,1.31685,1372,2.12863,400,0.00328069,1000,0.00423438,1768,20,1820,
2019-5-16,9h58m47s,584ms,25.5775,27.8938,1.29854,1372,2.03708,400,0.00328069,1000,0.00423438,1768,20,1820,
2019-5-16,9h58m47s,771ms,25.5775,27.8938,1.29854,1372,2.03708,400,0.00328069,1000,0.00423438,1768,20,1820,
2019-5-16,9h58m47s,958ms,25.5775,27.8938,1.29854,1372,2.03708,400,0.00328069,1000,0.00446326,1768,20,1820,
2019-5-16,9h58m48s,145ms,25.5775,27.8938,1.29854,1372,2.03708,400,0.00328069,1000,0.00446326,1768,20,1820,
2019-5-16,9h58m48s,332ms,25.4773,27.7862,1.29854,1372,2.03708,400,0.00328069,1000,0.00446326,1768,20,1820,
2019-5-16,9h58m48s,520ms,25.4773,27.7862,1.32296,1372,2.03708,400,0.00328069,1000,0.00446326,1768,20,1820,
2019-5-16,9h58m48s,707ms,25.4773,27.7862,1.32296,1372,2.09812,400,0.00328069,1000,0.00446326,1768,20,1820,
2019-5-16,9h58m48s,894ms,25.4773,27.7862,1.32296,1372,2.09812,400,0.00331121,1000,0.00423438,1768,20,1820,
2019-5-16,9h58m49s,81ms,25.4773,27.7862,1.32296,1372,2.09812,400,0.00331121,1000,0.00423438,1768,20,1820,
2019-5-16,9h58m49s,268ms,25.6778,27.7862,1.32296,1372,2.09812,400,0.00331121,1000,0.00423438,1768,20,1820,
2019-5-16,9h58m49s,456ms,25.6778,27.7862,1.29549,1372,2.09812,400,0.00331121,1000,0.00423438,1768,20,1820,
2019-5-16,9h58m49s,643ms,25.6778,27.7862,1.29549,1372,2.08286,400,0.00331121,1000,0.00423438,1768,20,1820,
2019-5-16,9h58m49s,830ms,25.6778,27.7862,1.29549,1372,2.08286,400,0.00321965,1000,0.00423438,1768,20,1820,
2019-5-16,9h58m50s,17ms,25.6778,27.7862,1.29549,1372,2.08286,400,0.00321965,1000,0.00446326,1768,20,1820,
2019-5-16,9h58m50s,204ms,25.6778,27.7862,1.29549,1372,2.08286,400,0.00321965,1000,0.00446326,1768,20,1820,
2019-5-16,9h58m50s,392ms,25.5775,27.7862,1.29549,1372,2.08286,400,0.00321965,1000,0.00446326,1768,20,1820,
2019-5-16,9h58m50s,579ms,25.5775,27.7862,1.32601,1372,2.11337,400,0.00321965,1000,0.00446326,1768,20,1820,
2019-5-16,9h58m50s,766ms,25.5775,27.7862,1.32601,1372,2.11337,400,0.00334173,1000,0.00446326,1768,20,1820,
2019-5-16,9h58m50s,953ms,25.5775,27.7862,1.32601,1372,2.11337,400,0.00334173,1000,0.00446326,1768,20,1820,
2019-5-16,9h58m51s,140ms,25.5775,27.7862,1.32601,1372,2.11337,400,0.00334173,1000,0.00423438,1768,20,1820,
2019-5-16,9h58m51s,328ms,25.4773,27.7862,1.32601,1372,2.11337,400,0.00334173,1000,0.00423438,1768,20,1820,
2019-5-16,9h58m51s,515ms,25.4773,27.7862,1.29549,1372,2.11337,400,0.00334173,1000,0.00423438,1768,20,1820,
2019-5-16,9h58m51s,702ms,25.4773,27.7862,1.29549,1372,2.12863,400,0.00334173,1000,0.00423438,1768,20,1820,
2019-5-16,9h58m51s,889ms,25.4773,27.7862,1.29549,1372,2.12863,400,0.00315862,1000,0.00423438,1768,20,1820,
2019-5-16,9h58m52s,76ms,25.4773,27.7862,1.29549,1372,2.12863,400,0.00315862,1000,0.00453956,1768,20,1820,
2019-5-16,9h58m52s,264ms,25.4773,27.7862,1.29549,1372,2.12863,400,0.00315862,1000,0.00453956,1768,20,1820,
2019-5-16,9h58m52s,451ms,25.4773,27.8938,1.32601,1372,2.12863,400,0.00315862,1000,0.00453956,1768,20,1820,
2019-5-16,9h58m52s,638ms,25.4773,27.8938,1.32601,1372,2.11337,400,0.00315862,1000,0.00453956,1768,20,1820,
2019-5-16,9h58m52s,825ms,25.4773,27.8938,1.32601,1372,2.11337,400,0.0031281,1000,0.00453956,1768,20,1820,
2019-5-16,9h58m53s,12ms,25.4773,27.8938,1.32601,1372,2.11337,400,0.0031281,1000,0.00446326,1768,20,1820,
2019-5-16,9h58m53s,200ms,25.4773,27.8938,1.32601,1372,2.11337,400,0.0031281,1000,0.00446326,1768,20,1820,
2019-5-16,9h58m53s,387ms,25.5775,27.7862,1.29549,1372,2.11337,400,0.0031281,1000,0.00446326,1768,20,1820,
2019-5-16,9h58m53s,574ms,25.5775,27.7862,1.29549,1372,2.17441,400,0.0031281,1000,0.00446326,1768,20,1820,
2019-5-16,9h58m53s,761ms,25.5775,27.7862,1.29549,1372,2.17441,400,0.0031281,1000,0.00446326,1768,20,1820,
2019-5-16,9h58m53s,948ms,25.5775,27.7862,1.29549,1372,2.17441,400,0.0031281,1000,0.00423438,1768,20,1820,
2019-5-16,9h58m54s,136ms,25.5775,27.7862,1.29549,1372,2.17441,400,0.0031281,1000,0.00423438,1768,20,1820,
2019-5-16,9h58m54s,323ms,25.5775,27.7862,1.29549,1372,2.17441,400,0.0031281,1000,0.00423438,1768,20,1820,
2019-5-16,9h58m54s,510ms,25.5775,27.7862,1.29854,1372,2.05234,400,0.0031281,1000,0.00423438,1768,20,1820,
2019-5-16,9h58m54s,697ms,25.5775,27.7862,1.29854,1372,2.05234,400,0.0031281,1000,0.00423438,1768,20,1820,
2019-5-16,9h58m54s,884ms,25.5775,27.7862,1.29854,1372,2.05234,400,0.00325017,1000,0.00423438,1768,20,1820,
2019-5-16,9h58m55s,72ms,25.5775,27.7862,1.29854,1372,2.05234,400,0.00325017,1000,0.00446326,1768,20,1820,
2019-5-16,9h58m55s,259ms,25.5775,27.7862,1.29854,1372,2.05234,400,0.00325017,1000,0.00446326,1768,20,1820,
2019-5-16,9h58m55s,446ms,25.5775,27.7862,1.32906,1372,2.05234,400,0.00325017,1000,0.00446326,1768,20,1820,
2019-5-16,9h58m55s,633ms,25.5775,27.7862,1.32906,1372,2.11337,400,0.00325017,1000,0.00446326,1768,20,1820,
2019-5-16,9h58m55s,820ms,25.5775,27.7862,1.32906,1372,2.11337,400,0.00334173,1000,0.00446326,1768,20,1820,
2019-5-16,9h58m56s,8ms,25.5775,27.7862,1.32906,1372,2.11337,400,0.00334173,1000,0.00423438,1768,20,1820,
2019-5-16,9h58m56s,195ms,25.5775,27.7862,1.32906,1372,2.11337,400,0.00334173,1000,0.00423438,1768,20,1820,
2019-5-16,9h58m56s,382ms,25.5775,27.7862,1.32906,1372,2.11337,400,0.00334173,1000,0.00423438,1768,20,1820,
2019-5-16,9h58m56s,569ms,25.5775,27.7862,1.29549,1372,2.11337,400,0.00334173,1000,0.00423438,1768,20,1820,
2019-5-16,9h58m56s,756ms,25.5775,27.7862,1.29549,1372,2.11337,400,0.00334173,1000,0.00423438,1768,20,1820,
2019-5-16,9h58m56s,944ms,25.5775,27.7862,1.29549,1372,2.11337,400,0.00318914,1000,0.00453956,1768,20,1820,
2019-5-16,9h58m57s,131ms,25.5775,27.7862,1.29549,1372,2.11337,400,0.00318914,1000,0.00453956,1768,20,1820,
2019-5-16,9h58m57s,318ms,25.4773,27.7862,1.29549,1372,2.11337,400,0.00318914,1000,0.00453956,1768,20,1820,
2019-5-16,9h58m57s,505ms,25.4773,27.7862,1.32601,1372,2.11337,400,0.00318914,1000,0.00453956,1768,20,1820,
2019-5-16,9h58m57s,692ms,25.4773,27.7862,1.32601,1372,2.11337,400,0.00318914,1000,0.00453956,1768,20,1820,
2019-5-16,9h58m57s,880ms,25.4773,27.7862,1.32601,1372,2.11337,400,0.00334173,1000,0.00453956,1768,20,1820,
2019-5-16,9h58m58s,67ms,25.4773,27.7862,1.32601,1372,2.11337,400,0.00334173,1000,0.00423438,1768,20,1820,
2019-5-16,9h58m58s,254ms,25.5775,27.7862,1.32601,1372,2.11337,400,0.00334173,1000,0.00423438,1768,20,1820,
2019-5-16,9h58m58s,441ms,25.5775,27.8938,1.29244,1372,2.11337,400,0.00334173,1000,0.00423438,1768,20,1820,
2019-5-16,9h58m58s,628ms,25.5775,27.8938,1.29244,1372,2.15915,400,0.00334173,1000,0.00423438,1768,20,1820,
2019-5-16,9h58m58s,816ms,25.5775,27.8938,1.29244,1372,2.15915,400,0.00315862,1000,0.00423438,1768,20,1820,
2019-5-16,9h58m59s,3ms,25.5775,27.8938,1.29244,1372,2.15915,400,0.00315862,1000,0.00446326,1768,20,1820,
2019-5-16,9h58m59s,190ms,25.6778,27.8938,1.29244,1372,2.15915,400,0.00315862,1000,0.00446326,1768,20,1820,
2019-5-16,9h58m59s,377ms,25.6778,27.7862,1.32296,1372,2.15915,400,0.00315862,1000,0.00446326,1768,20,1820,
2019-5-16,9h58m59s,564ms,25.6778,27.7862,1.32296,1372,2.11337,400,0.00315862,1000,0.00446326,1768,20,1820,
2019-5-16,9h58m59s,752ms,25.6778,27.7862,1.32296,1372,2.11337,400,0.00334173,1000,0.00446326,1768,20,1820,
2019-5-16,9h58m59s,939ms,25.6778,27.7862,1.32296,1372,2.11337,400,0.00334173,1000,0.00423438,1768,20,1820,
2019-5-16,9h59m0s,126ms,25.6778,27.7862,1.32296,1372,2.11337,400,0.00334173,1000,0.00423438,1768,20,1820,
2019-5-16,9h59m0s,313ms,25.5775,27.7862,1.32296,1372,2.11337,400,0.00334173,1000,0.00423438,1768,20,1820,
2019-5-16,9h59m0s,500ms,25.5775,27.7862,1.29854,1372,2.11337,400,0.00334173,1000,0.00423438,1768,20,1820,
2019-5-16,9h59m0s,688ms,25.5775,27.7862,1.29854,1372,2.18967,400,0.00334173,1000,0.00423438,1768,20,1820,
2019-5-16,9h59m0s,875ms,25.5775,27.7862,1.29854,1372,2.18967,400,0.0031281,1000,0.00446326,1768,20,1820,
2019-5-16,9h59m1s,62ms,25.5775,27.7862,1.29854,1372,2.18967,400,0.0031281,1000,0.00446326,1768,20,1820,
2019-5-16,9h59m1s,249ms,25.5775,27.7862,1.29854,1372,2.18967,400,0.0031281,1000,0.00446326,1768,20,1820,
2019-5-16,9h59m1s,436ms,25.5775,27.8938,1.32296,1372,2.18967,400,0.0031281,1000,0.00446326,1768,20,1820,
2019-5-16,9h59m1s,624ms,25.5775,27.8938,1.32296,1372,2.09812,400,0.0031281,1000,0.00446326,1768,20,1820,
2019-5-16,9h59m1s,811ms,25.5775,27.8938,1.32296,1372,2.09812,400,0.00334173,1000,0.00446326,1768,20,1820,
2019-5-16,9h59m1s,998ms,25.5775,27.8938,1.32296,1372,2.09812,400,0.00334173,1000,0.00423438,1768,20,1820,
2019-5-16,9h59m2s,185ms,25.5775,27.8938,1.32296,1372,2.09812,400,0.00334173,1000,0.00423438,1768,20,1820,
2019-5-16,9h59m2s,372ms,25.5775,27.8938,1.32296,1372,2.09812,400,0.00334173,1000,0.00423438,1768,20,1820,
2019-5-16,9h59m2s,560ms,25.5775,27.7862,1.29854,1372,2.09812,400,0.00334173,1000,0.00423438,1768,20,1820,
2019-5-16,9h59m2s,747ms,25.5775,27.7862,1.29854,1372,2.18967,400,0.00334173,1000,0.00423438,1768,20,1820,
2019-5-16,9h59m2s,934ms,25.5775,27.7862,1.29854,1372,2.18967,400,0.0031281,1000,0.00423438,1768,20,1820,
2019-5-16,9h59m3s,121ms,25.5775,27.7862,1.29854,1372,2.18967,400,0.0031281,1000,0.00438697,1768,20,1820,
2019-5-16,9h59m3s,308ms,25.5775,27.7862,1.29854,1372,2.18967,400,0.0031281,1000,0.00438697,1768,20,1820,
2019-5-16,9h59m3s,496ms,25.5775,27.7862,1.30159,1372,2.18967,400,0.0031281,1000,0.00438697,1768,20,1820,
2019-5-16,9h59m3s,683ms,25.5775,27.7862,1.30159,1372,2.09812,400,0.0031281,1000,0.00438697,1768,20,1820,
2019-5-16,9h59m3s,870ms,25.5775,27.7862,1.30159,1372,2.09812,400,0.00334173,1000,0.00438697,1768,20,1820,
2019-5-16,9h59m4s,57ms,25.5775,27.7862,1.30159,1372,2.09812,400,0.00334173,1000,0.00423438,1768,20,1820,
2019-5-16,9h59m4s,244ms,25.5775,27.7862,1.30159,1372,2.09812,400,0.00334173,1000,0.00423438,1768,20,1820,
2019-5-16,9h59m4s,432ms,25.5775,27.6786,1.32296,1372,2.09812,400,0.00334173,1000,0.00423438,1768,20,1820,
2019-5-16,9h59m4s,619ms,25.5775,27.6786,1.32296,1372,2.11337,400,0.00334173,1000,0.00423438,1768,20,1820,
2019-5-16,9h59m4s,806ms,25.5775,27.6786,1.32296,1372,2.11337,400,0.00337224,1000,0.00423438,1768,20,1820,
2019-5-16,9h59m4s,993ms,25.5775,27.6786,1.32296,1372,2.11337,400,0.00337224,1000,0.00423438,1768,20,1820,
2019-5-16,9h59m5s,180ms,25.5775,27.6786,1.32296,1372,2.11337,400,0.00337224,1000,0.00423438,1768,20,1820,
2019-5-16,9h59m5s,368ms,25.5775,27.7862,1.32296,1372,2.11337,400,0.00337224,1000,0.00423438,1768,20,1820,
2019-5-16,9h59m5s,555ms,25.5775,27.7862,1.29854,1372,2.18967,400,0.00337224,1000,0.00423438,1768,20,1820,
2019-5-16,9h59m5s,742ms,25.5775,27.7862,1.29854,1372,2.18967,400,0.0031281,1000,0.00423438,1768,20,1820,
2019-5-16,9h59m5s,929ms,25.5775,27.7862,1.29854,1372,2.18967,400,0.0031281,1000,0.00446326,1768,20,1820,
2019-5-16,9h59m6s,116ms,25.5775,27.7862,1.29854,1372,2.18967,400,0.0031281,1000,0.00446326,1768,20,1820,
2019-5-16,9h59m6s,304ms,25.5775,27.7862,1.29854,1372,2.18967,400,0.0031281,1000,0.00446326,1768,20,1820,
2019-5-16,9h59m6s,491ms,25.5775,27.7862,1.31991,1372,2.18967,400,0.0031281,1000,0.00446326,1768,20,1820,
2019-5-16,9h59m6s,678ms,25.5775,27.7862,1.31991,1372,2.09812,400,0.00334173,1000,0.00446326,1768,20,1820,
2019-5-16,9h59m6s,865ms,25.5775,27.7862,1.31991,1372,2.09812,400,0.00334173,1000,0.00423438,1768,20,1820,
2019-5-16,9h59m7s,52ms,25.5775,27.7862,1.31991,1372,2.09812,400,0.00334173,1000,0.00423438,1768,20,1820,
2019-5-16,9h59m7s,240ms,25.5775,27.7862,1.31991,1372,2.09812,400,0.00334173,1000,0.00423438,1768,20,1820,
2019-5-16,9h59m7s,427ms,25.5775,27.7862,1.29854,1372,2.09812,400,0.00334173,1000,0.00423438,1768,20,1820,
2019-5-16,9h59m7s,614ms,25.5775,27.7862,1.29854,1372,2.20493,400,0.00334173,1000,0.00423438,1768,20,1820,
2019-5-16,9h59m7s,801ms,25.5775,27.7862,1.29854,1372,2.20493,400,0.00315862,1000,0.00438697,1768,20,1820,
2019-5-16,9h59m7s,988ms,25.5775,27.7862,1.29854,1372,2.20493,400,0.00315862,1000,0.00438697,1768,20,1820,
2019-5-16,9h59m8s,176ms,25.5775,27.7862,1.29854,1372,2.20493,400,0.00315862,1000,0.00438697,1768,20,1820,
2019-5-16,9h59m8s,363ms,25.5775,27.7862,1.3138,1372,2.20493,400,0.00315862,1000,0.00438697,1768,20,1820,
2019-5-16,9h59m8s,550ms,25.5775,27.7862,1.3138,1372,2.09812,400,0.00315862,1000,0.00438697,1768,20,1820,
2019-5-16,9h59m8s,737ms,25.5775,27.7862,1.3138,1372,2.09812,400,0.00337224,1000,0.00438697,1768,20,1820,
2019-5-16,9h59m8s,924ms,25.5775,27.7862,1.3138,1372,2.09812,400,0.00337224,1000,0.00423438,1768,20,1820,
2019-5-16,9h59m9s,112ms,25.4773,27.7862,1.3138,1372,2.09812,400,0.00337224,1000,0.00423438,1768,20,1820,
2019-5-16,9h59m9s,299ms,25.4773,27.7862,1.3077,1372,2.09812,400,0.00337224,1000,0.00423438,1768,20,1820,
2019-5-16,9h59m9s,486ms,25.4773,27.7862,1.3077,1372,2.18967,400,0.00337224,1000,0.00423438,1768,20,1820,
2019-5-16,9h59m9s,673ms,25.4773,27.7862,1.3077,1372,2.18967,400,0.00315862,1000,0.00423438,1768,20,1820,
2019-5-16,9h59m9s,860ms,25.4773,27.7862,1.3077,1372,2.18967,400,0.00315862,1000,0.00438697,1768,20,1820,
2019-5-16,9h59m10s,48ms,25.6778,27.7862,1.3077,1372,2.18967,400,0.00315862,1000,0.00438697,1768,20,1820,
2019-5-16,9h59m10s,235ms,25.6778,27.8938,1.31075,1372,2.18967,400,0.00315862,1000,0.00438697,1768,20,1820,
2019-5-16,9h59m10s,422ms,25.6778,27.8938,1.31075,1372,2.05234,400,0.00315862,1000,0.00438697,1768,20,1820,
2019-5-16,9h59m10s,609ms,25.6778,27.8938,1.31075,1372,2.05234,400,0.00337224,1000,0.00438697,1768,20,1820,
2019-5-16,9h59m10s,796ms,25.6778,27.8938,1.31075,1372,2.05234,400,0.00337224,1000,0.00431067,1768,20,1820,
2019-5-16,9h59m10s,984ms,25.6778,27.8938,1.31075,1372,2.05234,400,0.00337224,1000,0.00431067,1768,20,1820,
2019-5-16,9h59m11s,171ms,25.5775,27.7862,1.31075,1372,2.05234,400,0.00337224,1000,0.00431067,1768,20,1820,
2019-5-16,9h59m11s,358ms,25.5775,27.7862,1.31075,1372,2.15915,400,0.00337224,1000,0.00431067,1768,20,1820,
2019-5-16,9h59m11s,545ms,25.5775,27.7862,1.31075,1372,2.15915,400,0.00325017,1000,0.00431067,1768,20,1820,
2019-5-16,9h59m11s,732ms,25.5775,27.7862,1.31075,1372,2.15915,400,0.00325017,1000,0.00431067,1768,20,1820,
2019-5-16,9h59m11s,920ms,25.5775,27.7862,1.31075,1372,2.15915,400,0.00325017,1000,0.00431067,1768,20,1820,
2019-5-16,9h59m12s,107ms,25.5775,27.8938,1.31075,1372,2.15915,400,0.00325017,1000,0.00431067,1768,20,1820,
2019-5-16,9h59m12s,294ms,25.5775,27.8938,1.29854,1372,2.09812,400,0.00325017,1000,0.00431067,1768,20,1820,
2019-5-16,9h59m12s,481ms,25.5775,27.8938,1.29854,1372,2.09812,400,0.00334173,1000,0.00431067,1768,20,1820,
2019-5-16,9h59m12s,668ms,25.5775,27.8938,1.29854,1372,2.09812,400,0.00334173,1000,0.00423438,1768,20,1820,
2019-5-16,9h59m12s,856ms,25.5775,27.8938,1.29854,1372,2.09812,400,0.00334173,1000,0.00423438,1768,20,1820,
2019-5-16,9h59m13s,43ms,25.6778,27.8938,1.29854,1372,2.09812,400,0.00334173,1000,0.00423438,1768,20,1820,
2019-5-16,9h59m13s,230ms,25.6778,27.8938,1.30159,1372,2.09812,400,0.00334173,1000,0.00423438,1768,20,1820,
2019-5-16,9h59m13s,417ms,25.6778,27.8938,1.30159,1372,2.18967,400,0.0031281,1000,0.00423438,1768,20,1820,
2019-5-16,9h59m13s,604ms,25.6778,27.8938,1.30159,1372,2.18967,400,0.0031281,1000,0.00446326,1768,20,1820,
2019-5-16,9h59m13s,792ms,25.6778,27.8938,1.30159,1372,2.18967,400,0.0031281,1000,0.00446326,1768,20,1820,
2019-5-16,9h59m13s,979ms,25.6778,27.8938,1.30159,1372,2.18967,400,0.0031281,1000,0.00446326,1768,20,1820,
2019-5-16,9h59m14s,166ms,25.6778,27.8938,1.31685,1372,2.18967,400,0.0031281,1000,0.00446326,1768,20,1820,
2019-5-16,9h59m14s,353ms,25.6778,27.8938,1.31685,1372,2.08286,400,0.0031281,1000,0.00446326,1768,20,1820,
2019-5-16,9h59m14s,540ms,25.6778,27.8938,1.31685,1372,2.08286,400,0.00337224,1000,0.00446326,1768,20,1820,
2019-5-16,9h59m14s,728ms,25.6778,27.8938,1.31685,1372,2.08286,400,0.00337224,1000,0.00423438,1768,20,1820,
2019-5-16,9h59m14s,915ms,25.6778,27.8938,1.31685,1372,2.08286,400,0.00337224,1000,0.00423438,1768,20,1820,
2019-5-16,9h59m15s,102ms,25.6778,27.9799,1.30465,1372,2.08286,400,0.00337224,1000,0.00423438,1768,20,1820,
2019-5-16,9h59m15s,289ms,25.6778,27.9799,1.30465,1372,2.17441,400,0.00337224,1000,0.00423438,1768,20,1820,
2019-5-16,9h59m15s,476ms,25.6778,27.9799,1.30465,1372,2.17441,400,0.00315862,1000,0.00423438,1768,20,1820,
2019-5-16,9h59m15s,664ms,25.6778,27.9799,1.30465,1372,2.17441,400,0.00315862,1000,0.00438697,1768,20,1820,
2019-5-16,9h59m15s,851ms,25.5775,27.9799,1.30465,1372,2.17441,400,0.00315862,1000,0.00438697,1768,20,1820,
2019-5-16,9h59m16s,38ms,25.5775,27.8938,1.31075,1372,2.17441,400,0.00315862,1000,0.00438697,1768,20,1820,
2019-5-16,9h59m16s,225ms,25.5775,27.8938,1.31075,1372,2.05234,400,0.00315862,1000,0.00438697,1768,20,1820,
2019-5-16,9h59m16s,412ms,25.5775,27.8938,1.31075,1372,2.05234,400,0.00337224,1000,0.00438697,1768,20,1820,
2019-5-16,9h59m16s,600ms,25.5775,27.8938,1.31075,1372,2.05234,400,0.00337224,1000,0.00431067,1768,20,1820,
2019-5-16,9h59m16s,787ms,25.5775,27.8938,1.31075,1372,2.05234,400,0.00337224,1000,0.00431067,1768,20,1820,
2019-5-16,9h59m16s,974ms,25.5775,27.8938,1.31075,1372,2.05234,400,0.00337224,1000,0.00431067,1768,20,1820,
2019-5-16,9h59m17s,161ms,25.5775,27.8938,1.31075,1372,2.15915,400,0.00337224,1000,0.00431067,1768,20,1820,
2019-5-16,9h59m17s,348ms,25.5775,27.8938,1.31075,1372,2.15915,400,0.00325017,1000,0.00431067,1768,20,1820,
2019-5-16,9h59m17s,536ms,25.5775,27.8938,1.31075,1372,2.15915,400,0.00325017,1000,0.00431067,1768,20,1820,
2019-5-16,9h59m17s,723ms,25.5775,27.8938,1.31075,1372,2.15915,400,0.00325017,1000,0.00431067,1768,20,1820,
2019-5-16,9h59m17s,910ms,25.5775,27.8938,1.31075,1372,2.15915,400,0.00325017,1000,0.00431067,1768,20,1820,
2019-5-16,9h59m18s,97ms,25.5775,27.8938,1.3077,1372,2.15915,400,0.00325017,1000,0.00431067,1768,20,1820,
2019-5-16,9h59m18s,284ms,25.5775,27.8938,1.3077,1372,2.03708,400,0.00325017,1000,0.00431067,1768,20,1820,
2019-5-16,9h59m18s,472ms,25.5775,27.8938,1.3077,1372,2.03708,400,0.00334173,1000,0.00431067,1768,20,1820,
2019-5-16,9h59m18s,659ms,25.5775,27.8938,1.3077,1372,2.03708,400,0.00334173,1000,0.00438697,1768,20,1820,
2019-5-16,9h59m18s,846ms,25.5775,27.8938,1.3077,1372,2.03708,400,0.00334173,1000,0.00438697,1768,20,1820,
2019-5-16,9h59m19s,33ms,25.5775,27.8938,1.3138,1372,2.03708,400,0.00334173,1000,0.00438697,1768,20,1820,
2019-5-16,9h59m19s,220ms,25.5775,27.8938,1.3138,1372,2.12863,400,0.00334173,1000,0.00438697,1768,20,1820,
2019-5-16,9h59m19s,408ms,25.5775,27.8938,1.3138,1372,2.12863,400,0.00328069,1000,0.00438697,1768,20,1820,
2019-5-16,9h59m19s,595ms,25.5775,27.8938,1.3138,1372,2.12863,400,0.00328069,1000,0.00423438,1768,20,1820,
2019-5-16,9h59m19s,782ms,25.6778,27.8938,1.3138,1372,2.12863,400,0.00328069,1000,0.00423438,1768,20,1820,
2019-5-16,9h59m19s,969ms,25.6778,27.8938,1.32906,1372,2.12863,400,0.00328069,1000,0.00423438,1768,20,1820,
2019-5-16,9h59m20s,156ms,25.6778,27.8938,1.32906,1372,2.11337,400,0.00328069,1000,0.00423438,1768,20,1820,
2019-5-16,9h59m20s,344ms,25.6778,27.8938,1.32906,1372,2.11337,400,0.00334173,1000,0.00423438,1768,20,1820,
2019-5-16,9h59m20s,531ms,25.6778,27.8938,1.32906,1372,2.11337,400,0.00334173,1000,0.00423438,1768,20,1820,
2019-5-16,9h59m20s,718ms,25.6778,27.8938,1.32906,1372,2.11337,400,0.00334173,1000,0.00423438,1768,20,1820,
2019-5-16,9h59m20s,905ms,25.6778,27.6786,1.32906,1372,2.11337,400,0.00334173,1000,0.00423438,1768,20,1820,
2019-5-16,9h59m21s,92ms,25.6778,27.6786,1.32906,1372,2.03708,400,0.00334173,1000,0.00423438,1768,20,1820,
2019-5-16,9h59m21s,280ms,25.6778,27.6786,1.32906,1372,2.03708,400,0.00334173,1000,0.00423438,1768,20,1820,
2019-5-16,9h59m21s,467ms,25.6778,27.6786,1.32906,1372,2.03708,400,0.00334173,1000,0.00431067,1768,20,1820,
2019-5-16,9h59m21s,654ms,25.6778,27.6786,1.32906,1372,2.03708,400,0.00334173,1000,0.00431067,1768,20,1820,
2019-5-16,9h59m21s,841ms,25.5775,27.6786,1.32906,1372,2.03708,400,0.00334173,1000,0.00431067,1768,20,1820,
2019-5-16,9h59m22s,28ms,25.5775,27.8938,1.31075,1372,2.03708,400,0.00334173,1000,0.00431067,1768,20,1820,
2019-5-16,9h59m22s,216ms,25.5775,27.8938,1.31075,1372,2.14389,400,0.00334173,1000,0.00431067,1768,20,1820,
2019-5-16,9h59m22s,403ms,25.5775,27.8938,1.31075,1372,2.14389,400,0.00325017,1000,0.00431067,1768,20,1820,
2019-5-16,9h59m22s,590ms,25.5775,27.8938,1.31075,1372,2.14389,400,0.00325017,1000,0.00423438,1768,20,1820,
2019-5-16,9h59m22s,777ms,25.6778,27.8938,1.31075,1372,2.14389,400,0.00325017,1000,0.00423438,1768,20,1820,
2019-5-16,9h59m22s,964ms,25.6778,27.7862,1.3077,1372,2.14389,400,0.00325017,1000,0.00423438,1768,20,1820,
2019-5-16,9h59m23s,152ms,25.6778,27.7862,1.3077,1372,2.03708,400,0.00325017,1000,0.00423438,1768,20,1820,
2019-5-16,9h59m23s,339ms,25.6778,27.7862,1.3077,1372,2.03708,400,0.00334173,1000,0.00423438,1768,20,1820,
2019-5-16,9h59m23s,526ms,25.6778,27.7862,1.3077,1372,2.03708,400,0.00334173,1000,0.00438697,1768,20,1820,
2019-5-16,9h59m23s,713ms,25.6778,27.7862,1.3077,1372,2.03708,400,0.00334173,1000,0.00438697,1768,20,1820,
2019-5-16,9h59m23s,900ms,25.6778,27.8938,1.31685,1372,2.03708,400,0.00334173,1000,0.00438697,1768,20,1820,
2019-5-16,9h59m24s,88ms,25.6778,27.8938,1.31685,1372,2.12863,400,0.00334173,1000,0.00438697,1768,20,1820,
2019-5-16,9h59m24s,275ms,25.6778,27.8938,1.31685,1372,2.12863,400,0.00328069,1000,0.00438697,1768,20,1820,
2019-5-16,9h59m24s,462ms,25.6778,27.8938,1.31685,1372,2.12863,400,0.00328069,1000,0.00431067,1768,20,1820,
2019-5-16,9h59m24s,649ms,25.6778,27.8938,1.31685,1372,2.12863,400,0.00328069,1000,0.00431067,1768,20,1820,
2019-5-16,9h59m24s,836ms,25.6778,27.8938,1.31685,1372,2.12863,400,0.00328069,1000,0.00431067,1768,20,1820,
2019-5-16,9h59m25s,24ms,25.6778,27.9799,1.30465,1372,2.12863,400,0.00328069,1000,0.00431067,1768,20,1820,
2019-5-16,9h59m25s,211ms,25.6778,27.9799,1.30465,1372,2.03708,400,0.00328069,1000,0.00431067,1768,20,1820,
2019-5-16,9h59m25s,398ms,25.6778,27.9799,1.30465,1372,2.03708,400,0.00331121,1000,0.00431067,1768,20,1820,
2019-5-16,9h59m25s,585ms,25.6778,27.9799,1.30465,1372,2.03708,400,0.00331121,1000,0.00446326,1768,20,1820,
2019-5-16,9h59m25s,772ms,25.6778,27.9799,1.30465,1372,2.03708,400,0.00331121,1000,0.00446326,1768,20,1820,
2019-5-16,9h59m25s,960ms,25.778,27.8938,1.30465,1372,2.03708,400,0.00331121,1000,0.00446326,1768,20,1820,
2019-5-16,9h59m26s,147ms,25.778,27.8938,1.32296,1372,2.11337,400,0.00331121,1000,0.00446326,1768,20,1820,
2019-5-16,9h59m26s,334ms,25.778,27.8938,1.32296,1372,2.11337,400,0.00334173,1000,0.00446326,1768,20,1820,
2019-5-16,9h59m26s,521ms,25.778,27.8938,1.32296,1372,2.11337,400,0.00334173,1000,0.00423438,1768,20,1820,
2019-5-16,9h59m26s,708ms,25.778,27.8938,1.32296,1372,2.11337,400,0.00334173,1000,0.00423438,1768,20,1820,
2019-5-16,9h59m26s,896ms,25.6778,27.8938,1.32296,1372,2.11337,400,0.00334173,1000,0.00423438,1768,20,1820,
2019-5-16,9h59m27s,83ms,25.6778,27.8938,1.29854,1372,2.11337,400,0.00334173,1000,0.00423438,1768,20,1820,
2019-5-16,9h59m27s,270ms,25.6778,27.8938,1.29854,1372,2.08286,400,0.00325017,1000,0.00423438,1768,20,1820,
2019-5-16,9h59m27s,457ms,25.6778,27.8938,1.29854,1372,2.08286,400,0.00325017,1000,0.00453956,1768,20,1820,
2019-5-16,9h59m27s,644ms,25.6778,27.8938,1.29854,1372,2.08286,400,0.00325017,1000,0.00453956,1768,20,1820,
2019-5-16,9h59m27s,832ms,25.5775,27.8938,1.29854,1372,2.08286,400,0.00325017,1000,0.00453956,1768,20,1820,
2019-5-16,9h59m28s,19ms,25.5775,27.8938,1.32296,1372,2.08286,400,0.00325017,1000,0.00453956,1768,20,1820,
2019-5-16,9h59m28s,206ms,25.5775,27.8938,1.32296,1372,2.11337,400,0.00325017,1000,0.00453956,1768,20,1820,
2019-5-16,9h59m28s,393ms,25.5775,27.8938,1.32296,1372,2.11337,400,0.00334173,1000,0.00423438,1768,20,1820,
2019-5-16,9h59m28s,580ms,25.5775,27.8938,1.32296,1372,2.11337,400,0.00334173,1000,0.00423438,1768,20,1820,
2019-5-16,9h59m28s,768ms,25.5775,27.8938,1.32296,1372,2.11337,400,0.00334173,1000,0.00423438,1768,20,1820,
2019-5-16,9h59m28s,955ms,25.5775,27.8938,1.29549,1372,2.11337,400,0.00334173,1000,0.00423438,1768,20,1820,
2019-5-16,9h59m29s,142ms,25.5775,27.8938,1.29549,1372,2.11337,400,0.00334173,1000,0.00423438,1768,20,1820,
2019-5-16,9h59m29s,329ms,25.5775,27.8938,1.29549,1372,2.11337,400,0.00318914,1000,0.00423438,1768,20,1820,
2019-5-16,9h59m29s,516ms,25.5775,27.8938,1.29549,1372,2.11337,400,0.00318914,1000,0.00453956,1768,20,1820,
2019-5-16,9h59m29s,704ms,25.5775,27.8938,1.29549,1372,2.11337,400,0.00318914,1000,0.00453956,1768,20,1820,
2019-5-16,9h59m29s,891ms,25.5775,27.9799,1.32601,1372,2.11337,400,0.00318914,1000,0.00453956,1768,20,1820,
2019-5-16,9h59m30s,78ms,25.5775,27.9799,1.32601,1372,2.12863,400,0.00318914,1000,0.00453956,1768,20,1820,
2019-5-16,9h59m30s,265ms,25.5775,27.9799,1.32601,1372,2.12863,400,0.00334173,1000,0.00453956,1768,20,1820,
2019-5-16,9h59m30s,452ms,25.5775,27.9799,1.32601,1372,2.12863,400,0.00334173,1000,0.00423438,1768,20,1820,
2019-5-16,9h59m30s,640ms,25.5775,27.9799,1.32601,1372,2.12863,400,0.00334173,1000,0.00423438,1768,20,1820,
2019-5-16,9h59m30s,827ms,25.778,27.9799,1.32601,1372,2.12863,400,0.00334173,1000,0.00423438,1768,20,1820,
2019-5-16,9h59m31s,14ms,25.778,27.9799,1.28634,1372,2.12863,400,0.00334173,1000,0.00423438,1768,20,1820,
2019-5-16,9h59m31s,201ms,25.778,27.9799,1.28634,1372,1.9913,400,0.00334173,1000,0.00423438,1768,20,1820,
2019-5-16,9h59m31s,388ms,25.778,27.9799,1.28634,1372,1.9913,400,0.00331121,1000,0.00438697,1768,20,1820,
2019-5-16,9h59m31s,576ms,25.778,27.9799,1.28634,1372,1.9913,400,0.00331121,1000,0.00438697,1768,20,1820,
2019-5-16,9h59m31s,763ms,25.5775,27.9799,1.28634,1372,1.9913,400,0.00331121,1000,0.00438697,1768,20,1820,
2019-5-16,9h59m31s,950ms,25.5775,27.7862,1.31685,1372,1.9913,400,0.00331121,1000,0.00438697,1768,20,1820,
2019-5-16,9h59m32s,137ms,25.5775,27.7862,1.31685,1372,2.12863,400,0.00331121,1000,0.00438697,1768,20,1820,
2019-5-16,9h59m32s,324ms,25.5775,27.7862,1.31685,1372,2.12863,400,0.00331121,1000,0.00438697,1768,20,1820,
2019-5-16,9h59m32s,512ms,25.5775,27.7862,1.31685,1372,2.12863,400,0.00331121,1000,0.00423438,1768,20,1820,
2019-5-16,9h59m32s,699ms,25.6778,27.7862,1.31685,1372,2.12863,400,0.00331121,1000,0.00423438,1768,20,1820,
2019-5-16,9h59m32s,886ms,25.6778,27.8938,1.31991,1372,2.12863,400,0.00331121,1000,0.00423438,1768,20,1820,
2019-5-16,9h59m33s,73ms,25.6778,27.8938,1.31991,1372,2.11337,400,0.00331121,1000,0.00423438,1768,20,1820,
2019-5-16,9h59m33s,260ms,25.6778,27.8938,1.31991,1372,2.11337,400,0.00334173,1000,0.00423438,1768,20,1820,
2019-5-16,9h59m33s,448ms,25.6778,27.8938,1.31991,1372,2.11337,400,0.00334173,1000,0.00423438,1768,20,1820,
2019-5-16,9h59m33s,635ms,25.5775,27.8938,1.31991,1372,2.11337,400,0.00334173,1000,0.00423438,1768,20,1820,
2019-5-16,9h59m33s,822ms,25.5775,27.9799,1.29854,1372,2.11337,400,0.00334173,1000,0.00423438,1768,20,1820,
2019-5-16,9h59m34s,9ms,25.5775,27.9799,1.29854,1372,2.11337,400,0.00334173,1000,0.00423438,1768,20,1820,
2019-5-16,9h59m34s,196ms,25.5775,27.9799,1.29854,1372,2.11337,400,0.00318914,1000,0.00423438,1768,20,1820,
2019-5-16,9h59m34s,384ms,25.5775,27.9799,1.29854,1372,2.11337,400,0.00318914,1000,0.00453956,1768,20,1820,
2019-5-16,9h59m34s,571ms,25.5775,27.9799,1.29854,1372,2.11337,400,0.00318914,1000,0.00453956,1768,20,1820,
2019-5-16,9h59m34s,758ms,25.778,27.7862,1.29854,1372,2.11337,400,0.00318914,1000,0.00453956,1768,20,1820,
2019-5-16,9h59m34s,945ms,25.778,27.7862,1.32601,1372,2.11337,400,0.00318914,1000,0.00453956,1768,20,1820,
2019-5-16,9h59m35s,132ms,25.778,27.7862,1.32601,1372,2.12863,400,0.00318914,1000,0.00453956,1768,20,1820,
2019-5-16,9h59m35s,320ms,25.778,27.7862,1.32601,1372,2.12863,400,0.00334173,1000,0.00423438,1768,20,1820,
2019-5-16,9h59m35s,507ms,25.778,27.7862,1.32601,1372,2.12863,400,0.00334173,1000,0.00423438,1768,20,1820,
2019-5-16,9h59m35s,694ms,25.778,27.7862,1.32601,1372,2.12863,400,0.00334173,1000,0.00423438,1768,20,1820,
2019-5-16,9h59m35s,881ms,25.778,27.8938,1.30159,1372,2.12863,400,0.00334173,1000,0.00423438,1768,20,1820,
2019-5-16,9h59m36s,68ms,25.778,27.8938,1.30159,1372,2.17441,400,0.00334173,1000,0.00423438,1768,20,1820,
2019-5-16,9h59m36s,256ms,25.778,27.8938,1.30159,1372,2.17441,400,0.00315862,1000,0.00423438,1768,20,1820,
2019-5-16,9h59m36s,443ms,25.778,27.8938,1.30159,1372,2.17441,400,0.00315862,1000,0.00446326,1768,20,1820,
2019-5-16,9h59m36s,630ms,25.778,27.8938,1.30159,1372,2.17441,400,0.00315862,1000,0.00446326,1768,20,1820,
2019-5-16,9h59m36s,817ms,25.6778,27.8938,1.30159,1372,2.17441,400,0.00315862,1000,0.00446326,1768,20,1820,
2019-5-16,9h59m37s,4ms,25.6778,27.8938,1.32601,1372,2.17441,400,0.00315862,1000,0.00446326,1768,20,1820,
2019-5-16,9h59m37s,192ms,25.6778,27.8938,1.32601,1372,2.11337,400,0.00315862,1000,0.00446326,1768,20,1820,
2019-5-16,9h59m37s,379ms,25.6778,27.8938,1.32601,1372,2.11337,400,0.00337224,1000,0.00446326,1768,20,1820,
2019-5-16,9h59m37s,566ms,25.6778,27.8938,1.32601,1372,2.11337,400,0.00337224,1000,0.00423438,1768,20,1820,
2019-5-16,9h59m37s,753ms,25.5775,27.8938,1.32601,1372,2.11337,400,0.00337224,1000,0.00423438,1768,20,1820,
2019-5-16,9h59m37s,940ms,25.5775,27.8938,1.30465,1372,2.11337,400,0.00337224,1000,0.00423438,1768,20,1820,
2019-5-16,9h59m38s,128ms,25.5775,27.8938,1.30465,1372,2.20493,400,0.00337224,1000,0.00423438,1768,20,1820,
2019-5-16,9h59m38s,315ms,25.5775,27.8938,1.30465,1372,2.20493,400,0.0031281,1000,0.00423438,1768,20,1820,
2019-5-16,9h59m38s,502ms,25.5775,27.8938,1.30465,1372,2.20493,400,0.0031281,1000,0.00446326,1768,20,1820,
2019-5-16,9h59m38s,689ms,25.778,27.8938,1.30465,1372,2.20493,400,0.0031281,1000,0.00446326,1768,20,1820,
2019-5-16,9h59m38s,876ms,25.778,27.9799,1.31685,1372,2.20493,400,0.0031281,1000,0.00446326,1768,20,1820,
2019-5-16,9h59m39s,64ms,25.778,27.9799,1.31685,1372,2.08286,400,0.0031281,1000,0.00446326,1768,20,1820,
2019-5-16,9h59m39s,251ms,25.778,27.9799,1.31685,1372,2.08286,400,0.00334173,1000,0.00446326,1768,20,1820,
2019-5-16,9h59m39s,438ms,25.778,27.9799,1.31685,1372,2.08286,400,0.00334173,1000,0.00423438,1768,20,1820,
2019-5-16,9h59m39s,625ms,25.778,27.9799,1.31685,1372,2.08286,400,0.00334173,1000,0.00423438,1768,20,1820,
2019-5-16,9h59m39s,812ms,25.6778,27.8938,1.31685,1372,2.08286,400,0.00334173,1000,0.00423438,1768,20,1820,
2019-5-16,9h59m40s,0ms,25.6778,27.8938,1.27718,1372,2.09812,400,0.00334173,1000,0.00423438,1768,20,1820,
2019-5-16,9h59m40s,187ms,25.6778,27.8938,1.27718,1372,2.09812,400,0.00315862,1000,0.00423438,1768,20,1820,
2019-5-16,9h59m40s,374ms,25.6778,27.8938,1.27718,1372,2.09812,400,0.00315862,1000,0.00453956,1768,20,1820,
2019-5-16,9h59m40s,561ms,25.6778,27.8938,1.27718,1372,2.09812,400,0.00315862,1000,0.00453956,1768,20,1820,
2019-5-16,9h59m40s,748ms,25.5775,27.8938,1.27718,1372,2.09812,400,0.00315862,1000,0.00453956,1768,20,1820,
2019-5-16,9h59m40s,936ms,25.5775,27.7862,1.32601,1372,2.09812,400,0.00315862,1000,0.00453956,1768,20,1820,
2019-5-16,9h59m41s,123ms,25.5775,27.7862,1.32601,1372,2.11337,400,0.00315862,1000,0.00453956,1768,20,1820,
2019-5-16,9h59m41s,310ms,25.5775,27.7862,1.32601,1372,2.11337,400,0.00337224,1000,0.00453956,1768,20,1820,
2019-5-16,9h59m41s,497ms,25.5775,27.7862,1.32601,1372,2.11337,400,0.00337224,1000,0.00423438,1768,20,1820,
2019-5-16,9h59m41s,684ms,25.778,27.7862,1.32601,1372,2.11337,400,0.00337224,1000,0.00423438,1768,20,1820,
2019-5-16,9h59m41s,872ms,25.778,27.7862,1.29244,1372,2.11337,400,0.00337224,1000,0.00423438,1768,20,1820,
2019-5-16,9h59m42s,59ms,25.778,27.7862,1.29244,1372,2.15915,400,0.00337224,1000,0.00423438,1768,20,1820,
2019-5-16,9h59m42s,246ms,25.778,27.7862,1.29244,1372,2.15915,400,0.0031281,1000,0.00423438,1768,20,1820,
2019-5-16,9h59m42s,433ms,25.778,27.7862,1.29244,1372,2.15915,400,0.0031281,1000,0.00446326,1768,20,1820,
2019-5-16,9h59m42s,620ms,25.778,27.7862,1.29244,1372,2.15915,400,0.0031281,1000,0.00446326,1768,20,1820,
2019-5-16,9h59m42s,808ms,25.5775,27.7862,1.32601,1372,2.15915,400,0.0031281,1000,0.00446326,1768,20,1820,
2019-5-16,9h59m42s,995ms,25.5775,27.7862,1.32601,1372,2.11337,400,0.0031281,1000,0.00446326,1768,20,1820,
2019-5-16,9h59m43s,182ms,25.5775,27.7862,1.32601,1372,2.11337,400,0.00337224,1000,0.00446326,1768,20,1820,
2019-5-16,9h59m43s,369ms,25.5775,27.7862,1.32601,1372,2.11337,400,0.00337224,1000,0.00423438,1768,20,1820,
2019-5-16,9h59m43s,556ms,25.5775,27.7862,1.32601,1372,2.11337,400,0.00337224,1000,0.00423438,1768,20,1820,
2019-5-16,9h59m43s,744ms,25.5775,27.7862,1.32601,1372,2.11337,400,0.00337224,1000,0.00423438,1768,20,1820,
2019-5-16,9h59m43s,931ms,25.5775,27.6786,1.31685,1372,2.11337,400,0.00337224,1000,0.00423438,1768,20,1820,
2019-5-16,9h59m44s,118ms,25.5775,27.6786,1.31685,1372,2.08286,400,0.00337224,1000,0.00423438,1768,20,1820,
2019-5-16,9h59m44s,305ms,25.5775,27.6786,1.31685,1372,2.08286,400,0.00334173,1000,0.00423438,1768,20,1820,
2019-5-16,9h59m44s,492ms,25.5775,27.6786,1.31685,1372,2.08286,400,0.00334173,1000,0.00423438,1768,20,1820,
2019-5-16,9h59m44s,680ms,25.5775,27.6786,1.31685,1372,2.08286,400,0.00334173,1000,0.00423438,1768,20,1820,
2019-5-16,9h59m44s,867ms,25.5775,27.7862,1.3077,1372,2.08286,400,0.00334173,1000,0.00423438,1768,20,1820,
2019-5-16,9h59m45s,54ms,25.5775,27.7862,1.3077,1372,2.17441,400,0.00334173,1000,0.00423438,1768,20,1820,
2019-5-16,9h59m45s,241ms,25.5775,27.7862,1.3077,1372,2.17441,400,0.00318914,1000,0.00423438,1768,20,1820,
2019-5-16,9h59m45s,428ms,25.5775,27.7862,1.3077,1372,2.17441,400,0.00318914,1000,0.00438697,1768,20,1820,
2019-5-16,9h59m45s,616ms,25.778,27.7862,1.3077,1372,2.17441,400,0.00318914,1000,0.00438697,1768,20,1820,
2019-5-16,9h59m45s,803ms,25.778,27.7862,1.31685,1372,2.17441,400,0.00318914,1000,0.00438697,1768,20,1820,
2019-5-16,9h59m45s,990ms,25.778,27.7862,1.31685,1372,2.0676,400,0.00318914,1000,0.00438697,1768,20,1820,
2019-5-16,9h59m46s,177ms,25.778,27.7862,1.31685,1372,2.0676,400,0.00337224,1000,0.00438697,1768,20,1820,
2019-5-16,9h59m46s,364ms,25.778,27.7862,1.31685,1372,2.0676,400,0.00337224,1000,0.00431067,1768,20,1820,
2019-5-16,9h59m46s,552ms,25.778,27.7862,1.31685,1372,2.0676,400,0.00337224,1000,0.00431067,1768,20,1820,
2019-5-16,9h59m46s,739ms,25.6778,27.6786,1.31685,1372,2.0676,400,0.00337224,1000,0.00431067,1768,20,1820,
2019-5-16,9h59m46s,926ms,25.6778,27.6786,1.31075,1372,2.0676,400,0.00337224,1000,0.00431067,1768,20,1820,
2019-5-16,9h59m47s,113ms,25.6778,27.6786,1.31075,1372,2.15915,400,0.00337224,1000,0.00431067,1768,20,1820,
2019-5-16,9h59m47s,300ms,25.6778,27.6786,1.31075,1372,2.15915,400,0.00321965,1000,0.00431067,1768,20,1820,
2019-5-16,9h59m47s,488ms,25.6778,27.6786,1.31075,1372,2.15915,400,0.00321965,1000,0.00431067,1768,20,1820,
2019-5-16,9h59m47s,675ms,25.5775,27.6786,1.31075,1372,2.15915,400,0.00321965,1000,0.00431067,1768,20,1820,
2019-5-16,9h59m47s,862ms,25.5775,27.7862,1.30465,1372,2.15915,400,0.00321965,1000,0.00431067,1768,20,1820,
2019-5-16,9h59m48s,49ms,25.5775,27.7862,1.30465,1372,2.03708,400,0.00321965,1000,0.00431067,1768,20,1820,
2019-5-16,9h59m48s,236ms,25.5775,27.7862,1.30465,1372,2.03708,400,0.00334173,1000,0.00431067,1768,20,1820,
2019-5-16,9h59m48s,424ms,25.5775,27.7862,1.30465,1372,2.03708,400,0.00334173,1000,0.00438697,1768,20,1820,
2019-5-16,9h59m48s,611ms,25.778,27.7862,1.30465,1372,2.03708,400,0.00334173,1000,0.00438697,1768,20,1820,
2019-5-16,9h59m48s,798ms,25.778,27.6786,1.28023,1372,2.03708,400,0.00334173,1000,0.00438697,1768,20,1820,
2019-5-16,9h59m48s,985ms,25.778,27.6786,1.28023,1372,2.15915,400,0.00334173,1000,0.00438697,1768,20,1820,
2019-5-16,9h59m49s,172ms,25.778,27.6786,1.28023,1372,2.15915,400,0.0031281,1000,0.00438697,1768,20,1820,
2019-5-16,9h59m49s,360ms,25.778,27.6786,1.28023,1372,2.15915,400,0.0031281,1000,0.00438697,1768,20,1820,
2019-5-16,9h59m49s,547ms,25.778,27.6786,1.28023,1372,2.15915,400,0.0031281,1000,0.00438697,1768,20,1820,
2019-5-16,9h59m49s,734ms,25.5775,27.7862,1.31685,1372,2.15915,400,0.0031281,1000,0.00438697,1768,20,1820,
2019-5-16,9h59m49s,921ms,25.5775,27.7862,1.31685,1372,2.08286,400,0.0031281,1000,0.00438697,1768,20,1820,
2019-5-16,9h59m50s,108ms,25.5775,27.7862,1.31685,1372,2.08286,400,0.00334173,1000,0.00438697,1768,20,1820,
2019-5-16,9h59m50s,296ms,25.5775,27.7862,1.31685,1372,2.08286,400,0.00334173,1000,0.00423438,1768,20,1820,
2019-5-16,9h59m50s,483ms,25.5775,27.7862,1.31685,1372,2.08286,400,0.00334173,1000,0.00423438,1768,20,1820,
2019-5-16,9h59m50s,670ms,25.5775,27.7862,1.31685,1372,2.08286,400,0.00334173,1000,0.00423438,1768,20,1820,
2019-5-16,9h59m50s,857ms,25.5775,27.7862,1.3077,1372,2.17441,400,0.00334173,1000,0.00423438,1768,20,1820,
2019-5-16,9h59m51s,44ms,25.5775,27.7862,1.3077,1372,2.17441,400,0.00318914,1000,0.00423438,1768,20,1820,
2019-5-16,9h59m51s,232ms,25.5775,27.7862,1.3077,1372,2.17441,400,0.00318914,1000,0.00431067,1768,20,1820,
2019-5-16,9h59m51s,419ms,25.5775,27.7862,1.3077,1372,2.17441,400,0.00318914,1000,0.00431067,1768,20,1820,
2019-5-16,9h59m51s,606ms,25.6778,27.6786,1.3077,1372,2.17441,400,0.00318914,1000,0.00431067,1768,20,1820,
2019-5-16,9h59m51s,793ms,25.6778,27.6786,1.31075,1372,2.17441,400,0.00318914,1000,0.00431067,1768,20,1820,
2019-5-16,9h59m51s,980ms,25.6778,27.6786,1.31075,1372,2.05234,400,0.00334173,1000,0.00431067,1768,20,1820,
2019-5-16,9h59m52s,168ms,25.6778,27.6786,1.31075,1372,2.05234,400,0.00334173,1000,0.00431067,1768,20,1820,
2019-5-16,9h59m52s,355ms,25.6778,27.6786,1.31075,1372,2.05234,400,0.00334173,1000,0.00431067,1768,20,1820,
2019-5-16,9h59m52s,542ms,25.5775,27.6786,1.31075,1372,2.05234,400,0.00334173,1000,0.00431067,1768,20,1820,
2019-5-16,9h59m52s,729ms,25.5775,27.6786,1.3138,1372,2.05234,400,0.00334173,1000,0.00431067,1768,20,1820,
2019-5-16,9h59m52s,916ms,25.5775,27.6786,1.3138,1372,2.14389,400,0.00334173,1000,0.00431067,1768,20,1820,
2019-5-16,9h59m53s,104ms,25.5775,27.6786,1.3138,1372,2.14389,400,0.00325017,1000,0.00431067,1768,20,1820,
2019-5-16,9h59m53s,291ms,25.5775,27.6786,1.3138,1372,2.14389,400,0.00325017,1000,0.00431067,1768,20,1820,
2019-5-16,9h59m53s,478ms,25.6778,27.6786,1.3138,1372,2.14389,400,0.00325017,1000,0.00431067,1768,20,1820,
2019-5-16,9h59m53s,665ms,25.6778,27.6786,1.30465,1372,2.14389,400,0.00325017,1000,0.00431067,1768,20,1820,
2019-5-16,9h59m53s,852ms,25.6778,27.6786,1.30465,1372,2.02182,400,0.00325017,1000,0.00431067,1768,20,1820,
2019-5-16,9h59m54s,40ms,25.6778,27.6786,1.30465,1372,2.02182,400,0.00331121,1000,0.00431067,1768,20,1820,
2019-5-16,9h59m54s,227ms,25.6778,27.6786,1.30465,1372,2.02182,400,0.00331121,1000,0.00438697,1768,20,1820,
2019-5-16,9h59m54s,414ms,25.5775,27.6786,1.30465,1372,2.02182,400,0.00331121,1000,0.00438697,1768,20,1820,
2019-5-16,9h59m54s,601ms,25.5775,27.6786,1.31685,1372,2.02182,400,0.00331121,1000,0.00438697,1768,20,1820,
2019-5-16,9h59m54s,788ms,25.5775,27.6786,1.31685,1372,2.11337,400,0.00331121,1000,0.00438697,1768,20,1820,
2019-5-16,9h59m54s,976ms,25.5775,27.6786,1.31685,1372,2.11337,400,0.00331121,1000,0.00438697,1768,20,1820,
2019-5-16,9h59m55s,163ms,25.5775,27.6786,1.31685,1372,2.11337,400,0.00331121,1000,0.00423438,1768,20,1820,
2019-5-16,9h59m55s,350ms,25.5775,27.6786,1.31685,1372,2.11337,400,0.00331121,1000,0.00423438,1768,20,1820,
2019-5-16,9h59m55s,537ms,25.5775,27.7862,1.29549,1372,2.11337,400,0.00331121,1000,0.00423438,1768,20,1820,
2019-5-16,9h59m55s,724ms,25.5775,27.7862,1.29549,1372,2.0676,400,0.00331121,1000,0.00423438,1768,20,1820,
2019-5-16,9h59m55s,912ms,25.5775,27.7862,1.29549,1372,2.0676,400,0.00325017,1000,0.00423438,1768,20,1820,
2019-5-16,9h59m56s,99ms,25.5775,27.7862,1.29549,1372,2.0676,400,0.00325017,1000,0.00446326,1768,20,1820,
2019-5-16,9h59m56s,286ms,25.5775,27.7862,1.29549,1372,2.0676,400,0.00325017,1000,0.00446326,1768,20,1820,
2019-5-16,9h59m56s,473ms,25.5775,27.6786,1.29549,1372,2.0676,400,0.00325017,1000,0.00446326,1768,20,1820,
2019-5-16,9h59m56s,660ms,25.5775,27.6786,1.32601,1372,2.09812,400,0.00325017,1000,0.00446326,1768,20,1820,
2019-5-16,9h59m56s,848ms,25.5775,27.6786,1.32601,1372,2.09812,400,0.00334173,1000,0.00446326,1768,20,1820,
2019-5-16,9h59m57s,35ms,25.5775,27.6786,1.32601,1372,2.09812,400,0.00334173,1000,0.00423438,1768,20,1820,
2019-5-16,9h59m57s,222ms,25.5775,27.6786,1.32601,1372,2.09812,400,0.00334173,1000,0.00423438,1768,20,1820,
2019-5-16,9h59m57s,409ms,25.6778,27.7862,1.32601,1372,2.09812,400,0.00334173,1000,0.00423438,1768,20,1820,
2019-5-16,9h59m57s,596ms,25.6778,27.7862,1.29549,1372,2.09812,400,0.00334173,1000,0.00423438,1768,20,1820,
2019-5-16,9h59m57s,784ms,25.6778,27.7862,1.29549,1372,2.11337,400,0.00315862,1000,0.00423438,1768,20,1820,
2019-5-16,9h59m57s,971ms,25.6778,27.7862,1.29549,1372,2.11337,400,0.00315862,1000,0.00453956,1768,20,1820,
2019-5-16,9h59m58s,158ms,25.6778,27.7862,1.29549,1372,2.11337,400,0.00315862,1000,0.00453956,1768,20,1820,
2019-5-16,9h59m58s,345ms,25.6778,27.7862,1.29549,1372,2.11337,400,0.00315862,1000,0.00453956,1768,20,1820,
2019-5-16,9h59m58s,532ms,25.6778,27.7862,1.29244,1372,2.11337,400,0.00315862,1000,0.00453956,1768,20,1820,
2019-5-16,9h59m58s,720ms,25.6778,27.7862,1.29244,1372,2.11337,400,0.00315862,1000,0.00453956,1768,20,1820,
2019-5-16,9h59m58s,907ms,25.6778,27.7862,1.29244,1372,2.11337,400,0.00325017,1000,0.00423438,1768,20,1820,
2019-5-16,9h59m59s,94ms,25.6778,27.7862,1.29244,1372,2.11337,400,0.00325017,1000,0.00423438,1768,20,1820,
2019-5-16,9h59m59s,281ms,25.5775,27.7862,1.29244,1372,2.11337,400,0.00325017,1000,0.00423438,1768,20,1820,
2019-5-16,9h59m59s,468ms,25.5775,27.6786,1.29854,1372,2.11337,400,0.00325017,1000,0.00423438,1768,20,1820,
2019-5-16,9h59m59s,656ms,25.5775,27.6786,1.29854,1372,2.11337,400,0.00325017,1000,0.00423438,1768,20,1820,
2019-5-16,9h59m59s,843ms,25.5775,27.6786,1.29854,1372,2.11337,400,0.00331121,1000,0.00423438,1768,20,1820,
2019-5-16,10h0m0s,30ms,25.5775,27.6786,1.29854,1372,2.11337,400,0.00331121,1000,0.00423438,1768,20,1820,
2019-5-16,10h0m0s,217ms,25.6778,27.6786,1.29854,1372,2.11337,400,0.00331121,1000,0.00423438,1768,20,1820,
2019-5-16,10h0m0s,404ms,25.6778,27.7862,1.29854,1372,2.11337,400,0.00331121,1000,0.00423438,1768,20,1820,
2019-5-16,10h0m0s,592ms,25.6778,27.7862,1.29549,1372,2.08286,400,0.00331121,1000,0.00423438,1768,20,1820,
2019-5-16,10h0m0s,779ms,25.6778,27.7862,1.29549,1372,2.08286,400,0.00321965,1000,0.00423438,1768,20,1820,
2019-5-16,10h0m0s,966ms,25.6778,27.7862,1.29549,1372,2.08286,400,0.00321965,1000,0.00453956,1768,20,1820,
2019-5-16,10h0m1s,153ms,25.6778,27.7862,1.29549,1372,2.08286,400,0.00321965,1000,0.00453956,1768,20,1820,
2019-5-16,10h0m1s,340ms,25.5775,27.7862,1.29549,1372,2.08286,400,0.00321965,1000,0.00453956,1768,20,1820,
2019-5-16,10h0m1s,528ms,25.5775,27.7862,1.32601,1372,2.08286,400,0.00321965,1000,0.00453956,1768,20,1820,
2019-5-16,10h0m1s,715ms,25.5775,27.7862,1.32601,1372,2.11337,400,0.00334173,1000,0.00453956,1768,20,1820,
2019-5-16,10h0m1s,902ms,25.5775,27.7862,1.32601,1372,2.11337,400,0.00334173,1000,0.00423438,1768,20,1820,
2019-5-16,10h0m2s,89ms,25.5775,27.7862,1.32601,1372,2.11337,400,0.00334173,1000,0.00423438,1768,20,1820,
2019-5-16,10h0m2s,276ms,25.5775,27.6786,1.32601,1372,2.11337,400,0.00334173,1000,0.00423438,1768,20,1820,
2019-5-16,10h0m2s,464ms,25.5775,27.6786,1.29549,1372,2.11337,400,0.00334173,1000,0.00423438,1768,20,1820,
2019-5-16,10h0m2s,651ms,25.5775,27.6786,1.29549,1372,2.12863,400,0.00334173,1000,0.00423438,1768,20,1820,
2019-5-16,10h0m2s,838ms,25.5775,27.6786,1.29549,1372,2.12863,400,0.00315862,1000,0.00423438,1768,20,1820,
2019-5-16,10h0m3s,25ms,25.5775,27.6786,1.29549,1372,2.12863,400,0.00315862,1000,0.00453956,1768,20,1820,
2019-5-16,10h0m3s,212ms,25.5775,27.6786,1.29549,1372,2.12863,400,0.00315862,1000,0.00453956,1768,20,1820,
2019-5-16,10h0m3s,400ms,25.5775,27.7862,1.32601,1372,2.12863,400,0.00315862,1000,0.00453956,1768,20,1820,
2019-5-16,10h0m3s,587ms,25.5775,27.7862,1.32601,1372,2.11337,400,0.00315862,1000,0.00453956,1768,20,1820,
2019-5-16,10h0m3s,774ms,25.5775,27.7862,1.32601,1372,2.11337,400,0.00334173,1000,0.00453956,1768,20,1820,
2019-5-16,10h0m3s,961ms,25.5775,27.7862,1.32601,1372,2.11337,400,0.00334173,1000,0.00423438,1768,20,1820,
2019-5-16,10h0m4s,148ms,25.5775,27.7862,1.32601,1372,2.11337,400,0.00334173,1000,0.00423438,1768,20,1820,
2019-5-16,10h0m4s,336ms,25.5775,27.6786,1.32601,1372,2.11337,400,0.00334173,1000,0.00423438,1768,20,1820,
2019-5-16,10h0m4s,523ms,25.5775,27.6786,1.29854,1372,2.18967,400,0.00334173,1000,0.00423438,1768,20,1820,
2019-5-16,10h0m4s,710ms,25.5775,27.6786,1.29854,1372,2.18967,400,0.0031281,1000,0.00423438,1768,20,1820,
2019-5-16,10h0m4s,897ms,25.5775,27.6786,1.29854,1372,2.18967,400,0.0031281,1000,0.00446326,1768,20,1820,
2019-5-16,10h0m5s,84ms,25.5775,27.6786,1.29854,1372,2.18967,400,0.0031281,1000,0.00446326,1768,20,1820,
2019-5-16,10h0m5s,272ms,25.5775,27.8938,1.29854,1372,2.18967,400,0.0031281,1000,0.00446326,1768,20,1820,
2019-5-16,10h0m5s,459ms,25.5775,27.8938,1.31991,1372,2.18967,400,0.0031281,1000,0.00446326,1768,20,1820,
2019-5-16,10h0m5s,646ms,25.5775,27.8938,1.31991,1372,2.09812,400,0.0031281,1000,0.00446326,1768,20,1820,
2019-5-16,10h0m5s,833ms,25.5775,27.8938,1.31991,1372,2.09812,400,0.00334173,1000,0.00446326,1768,20,1820,
2019-5-16,10h0m6s,20ms,25.5775,27.8938,1.31991,1372,2.09812,400,0.00334173,1000,0.00423438,1768,20,1820,
2019-5-16,10h0m6s,208ms,25.5775,27.8938,1.31991,1372,2.09812,400,0.00334173,1000,0.00423438,1768,20,1820,
2019-5-16,10h0m6s,395ms,25.5775,27.7862,1.30465,1372,2.09812,400,0.00334173,1000,0.00423438,1768,20,1820,
2019-5-16,10h0m6s,582ms,25.5775,27.7862,1.30465,1372,2.18967,400,0.00334173,1000,0.00423438,1768,20,1820,
2019-5-16,10h0m6s,769ms,25.5775,27.7862,1.30465,1372,2.18967,400,0.0031281,1000,0.00423438,1768,20,1820,
2019-5-16,10h0m6s,956ms,25.5775,27.7862,1.30465,1372,2.18967,400,0.0031281,1000,0.00438697,1768,20,1820,
2019-5-16,10h0m7s,144ms,25.5775,27.7862,1.30465,1372,2.18967,400,0.0031281,1000,0.00438697,1768,20,1820,
2019-5-16,10h0m7s,331ms,25.5775,27.8938,1.30465,1372,2.18967,400,0.0031281,1000,0.00438697,1768,20,1820,
2019-5-16,10h0m7s,518ms,25.5775,27.8938,1.30159,1372,2.09812,400,0.0031281,1000,0.00438697,1768,20,1820,
2019-5-16,10h0m7s,705ms,25.5775,27.8938,1.30159,1372,2.09812,400,0.00331121,1000,0.00438697,1768,20,1820,
2019-5-16,10h0m7s,892ms,25.5775,27.8938,1.30159,1372,2.09812,400,0.00331121,1000,0.00423438,1768,20,1820,
2019-5-16,10h0m8s,80ms,25.5775,27.8938,1.30159,1372,2.09812,400,0.00331121,1000,0.00423438,1768,20,1820,
2019-5-16,10h0m8s,267ms,25.5775,27.7862,1.30159,1372,2.09812,400,0.00331121,1000,0.00423438,1768,20,1820,
2019-5-16,10h0m8s,454ms,25.5775,27.7862,1.29549,1372,2.09812,400,0.00331121,1000,0.00423438,1768,20,1820,
2019-5-16,10h0m8s,641ms,25.5775,27.7862,1.29549,1372,2.15915,400,0.0031281,1000,0.00423438,1768,20,1820,
2019-5-16,10h0m8s,828ms,25.5775,27.7862,1.29549,1372,2.15915,400,0.0031281,1000,0.00446326,1768,20,1820,
2019-5-16,10h0m9s,16ms,25.5775,27.7862,1.29549,1372,2.15915,400,0.0031281,1000,0.00446326,1768,20,1820,
2019-5-16,10h0m9s,203ms,25.6778,27.7862,1.29549,1372,2.15915,400,0.0031281,1000,0.00446326,1768,20,1820,
2019-5-16,10h0m9s,390ms,25.6778,27.7862,1.32296,1372,2.15915,400,0.0031281,1000,0.00446326,1768,20,1820,
2019-5-16,10h0m9s,577ms,25.6778,27.7862,1.32296,1372,2.09812,400,0.0031281,1000,0.00446326,1768,20,1820,
2019-5-16,10h0m9s,764ms,25.6778,27.7862,1.32296,1372,2.09812,400,0.00334173,1000,0.00446326,1768,20,1820,
2019-5-16,10h0m9s,952ms,25.6778,27.7862,1.32296,1372,2.09812,400,0.00334173,1000,0.00423438,1768,20,1820,
2019-5-16,10h0m10s,139ms,25.6778,27.7862,1.32296,1372,2.09812,400,0.00334173,1000,0.00423438,1768,20,1820,
2019-5-16,10h0m10s,326ms,25.5775,27.7862,1.29854,1372,2.09812,400,0.00334173,1000,0.00423438,1768,20,1820,
2019-5-16,10h0m10s,513ms,25.5775,27.7862,1.29854,1372,2.09812,400,0.00334173,1000,0.00423438,1768,20,1820,
2019-5-16,10h0m10s,700ms,25.5775,27.7862,1.29854,1372,2.18967,400,0.00334173,1000,0.00423438,1768,20,1820,
2019-5-16,10h0m10s,888ms,25.5775,27.7862,1.29854,1372,2.18967,400,0.00334173,1000,0.00423438,1768,20,1820,
2019-5-16,10h0m11s,75ms,25.5775,27.7862,1.29854,1372,2.18967,400,0.00334173,1000,0.00423438,1768,20,1820,
2019-5-16,10h0m11s,262ms,25.5775,27.7862,1.29854,1372,2.18967,400,0.00334173,1000,0.00423438,1768,20,1820,
2019-5-16,10h0m11s,449ms,25.5775,27.7862,1.3077,1372,2.18967,400,0.00334173,1000,0.00423438,1768,20,1820,
2019-5-16,10h0m11s,636ms,25.5775,27.7862,1.3077,1372,2.17441,400,0.00334173,1000,0.00423438,1768,20,1820,
2019-5-16,10h0m11s,824ms,25.5775,27.7862,1.3077,1372,2.17441,400,0.00315862,1000,0.00423438,1768,20,1820,
2019-5-16,10h0m12s,11ms,25.5775,27.7862,1.3077,1372,2.17441,400,0.00315862,1000,0.00431067,1768,20,1820,
2019-5-16,10h0m12s,198ms,25.5775,27.7862,1.3077,1372,2.17441,400,0.00315862,1000,0.00431067,1768,20,1820,
2019-5-16,10h0m12s,385ms,25.5775,27.7862,1.3077,1372,2.17441,400,0.00315862,1000,0.00431067,1768,20,1820,
2019-5-16,10h0m12s,572ms,25.5775,27.7862,1.31075,1372,2.05234,400,0.00315862,1000,0.00431067,1768,20,1820,
2019-5-16,10h0m12s,760ms,25.5775,27.7862,1.31075,1372,2.05234,400,0.00337224,1000,0.00431067,1768,20,1820,
2019-5-16,10h0m12s,947ms,25.5775,27.7862,1.31075,1372,2.05234,400,0.00337224,1000,0.00431067,1768,20,1820,
2019-5-16,10h0m13s,134ms,25.5775,27.7862,1.31075,1372,2.05234,400,0.00337224,1000,0.00431067,1768,20,1820,
2019-5-16,10h0m13s,321ms,25.5775,27.7862,1.31075,1372,2.05234,400,0.00337224,1000,0.00431067,1768,20,1820,
2019-5-16,10h0m13s,508ms,25.5775,27.7862,1.3138,1372,2.05234,400,0.00337224,1000,0.00431067,1768,20,1820,
2019-5-16,10h0m13s,696ms,25.5775,27.7862,1.3138,1372,2.14389,400,0.00337224,1000,0.00431067,1768,20,1820,
2019-5-16,10h0m13s,883ms,25.5775,27.7862,1.3138,1372,2.14389,400,0.00321965,1000,0.00431067,1768,20,1820,
2019-5-16,10h0m14s,70ms,25.5775,27.7862,1.3138,1372,2.14389,400,0.00321965,1000,0.00431067,1768,20,1820,
2019-5-16,10h0m14s,257ms,25.5775,27.7862,1.3138,1372,2.14389,400,0.00321965,1000,0.00431067,1768,20,1820,
2019-5-16,10h0m14s,444ms,25.5775,27.8938,1.30159,1372,2.14389,400,0.00321965,1000,0.00431067,1768,20,1820,
2019-5-16,10h0m14s,632ms,25.5775,27.8938,1.30159,1372,2.02182,400,0.00321965,1000,0.00431067,1768,20,1820,
2019-5-16,10h0m14s,819ms,25.5775,27.8938,1.30159,1372,2.02182,400,0.00331121,1000,0.00431067,1768,20,1820,
2019-5-16,10h0m15s,6ms,25.5775,27.8938,1.30159,1372,2.02182,400,0.00331121,1000,0.00438697,1768,20,1820,
2019-5-16,10h0m15s,193ms,25.5775,27.8938,1.30159,1372,2.02182,400,0.00331121,1000,0.00438697,1768,20,1820,
2019-5-16,10h0m15s,380ms,25.5775,27.7862,1.3138,1372,2.02182,400,0.00331121,1000,0.00438697,1768,20,1820,
2019-5-16,10h0m15s,568ms,25.5775,27.7862,1.3138,1372,2.11337,400,0.00331121,1000,0.00438697,1768,20,1820,
2019-5-16,10h0m15s,755ms,25.5775,27.7862,1.3138,1372,2.11337,400,0.00328069,1000,0.00438697,1768,20,1820,
2019-5-16,10h0m15s,942ms,25.5775,27.7862,1.3138,1372,2.11337,400,0.00328069,1000,0.00423438,1768,20,1820,
2019-5-16,10h0m16s,129ms,25.5775,27.7862,1.3138,1372,2.11337,400,0.00328069,1000,0.00423438,1768,20,1820,
2019-5-16,10h0m16s,316ms,25.5775,27.6786,1.29549,1372,2.11337,400,0.00328069,1000,0.00423438,1768,20,1820,
2019-5-16,10h0m16s,504ms,25.5775,27.6786,1.29549,1372,2.0676,400,0.00328069,1000,0.00423438,1768,20,1820,
2019-5-16,10h0m16s,691ms,25.5775,27.6786,1.29549,1372,2.0676,400,0.00331121,1000,0.00423438,1768,20,1820,
2019-5-16,10h0m16s,878ms,25.5775,27.6786,1.29549,1372,2.0676,400,0.00331121,1000,0.00423438,1768,20,1820,
2019-5-16,10h0m17s,65ms,25.5775,27.6786,1.29549,1372,2.0676,400,0.00331121,1000,0.00423438,1768,20,1820,
2019-5-16,10h0m17s,252ms,25.5775,27.6786,1.30465,1372,2.0676,400,0.00331121,1000,0.00423438,1768,20,1820,
2019-5-16,10h0m17s,440ms,25.5775,27.6786,1.30465,1372,2.15915,400,0.00331121,1000,0.00423438,1768,20,1820,
2019-5-16,10h0m17s,627ms,25.5775,27.6786,1.30465,1372,2.15915,400,0.00315862,1000,0.00423438,1768,20,1820,
2019-5-16,10h0m17s,814ms,25.5775,27.6786,1.30465,1372,2.15915,400,0.00315862,1000,0.00431067,1768,20,1820,
2019-5-16,10h0m18s,1ms,25.5775,27.6786,1.30465,1372,2.15915,400,0.00315862,1000,0.00431067,1768,20,1820,
2019-5-16,10h0m18s,188ms,25.4773,27.6786,1.30465,1372,2.15915,400,0.00315862,1000,0.00431067,1768,20,1820,
2019-5-16,10h0m18s,376ms,25.4773,27.6786,1.3077,1372,2.03708,400,0.00315862,1000,0.00431067,1768,20,1820,
2019-5-16,10h0m18s,563ms,25.4773,27.6786,1.3077,1372,2.03708,400,0.00334173,1000,0.00431067,1768,20,1820,
2019-5-16,10h0m18s,750ms,25.4773,27.6786,1.3077,1372,2.03708,400,0.00334173,1000,0.00431067,1768,20,1820,
2019-5-16,10h0m18s,937ms,25.4773,27.6786,1.3077,1372,2.03708,400,0.00334173,1000,0.00431067,1768,20,1820,
2019-5-16,10h0m19s,124ms,25.5775,27.7862,1.3077,1372,2.03708,400,0.00334173,1000,0.00431067,1768,20,1820,
2019-5-16,10h0m19s,312ms,25.5775,27.7862,1.3077,1372,2.03708,400,0.00334173,1000,0.00431067,1768,20,1820,
2019-5-16,10h0m19s,499ms,25.5775,27.7862,1.3077,1372,2.12863,400,0.00334173,1000,0.00431067,1768,20,1820,
2019-5-16,10h0m19s,686ms,25.5775,27.7862,1.3077,1372,2.12863,400,0.00325017,1000,0.00431067,1768,20,1820,
2019-5-16,10h0m19s,873ms,25.5775,27.7862,1.3077,1372,2.12863,400,0.00325017,1000,0.00423438,1768,20,1820,
2019-5-16,10h0m20s,60ms,25.5775,27.7862,1.3077,1372,2.12863,400,0.00325017,1000,0.00423438,1768,20,1820,
2019-5-16,10h0m20s,248ms,25.5775,27.6786,1.30465,1372,2.12863,400,0.00325017,1000,0.00423438,1768,20,1820,
2019-5-16,10h0m20s,435ms,25.5775,27.6786,1.30465,1372,2.02182,400,0.00325017,1000,0.00423438,1768,20,1820,
2019-5-16,10h0m20s,622ms,25.5775,27.6786,1.30465,1372,2.02182,400,0.00328069,1000,0.00423438,1768,20,1820,
2019-5-16,10h0m20s,809ms,25.5775,27.6786,1.30465,1372,2.02182,400,0.00328069,1000,0.00438697,1768,20,1820,
2019-5-16,10h0m20s,996ms,25.5775,27.6786,1.30465,1372,2.02182,400,0.00328069,1000,0.00438697,1768,20,1820,
2019-5-16,10h0m21s,184ms,25.5775,27.7862,1.30465,1372,2.02182,400,0.00328069,1000,0.00438697,1768,20,1820,
2019-5-16,10h0m21s,371ms,25.5775,27.7862,1.31685,1372,2.02182,400,0.00328069,1000,0.00438697,1768,20,1820,
2019-5-16,10h0m21s,558ms,25.5775,27.7862,1.31685,1372,2.11337,400,0.00328069,1000,0.00438697,1768,20,1820,
2019-5-16,10h0m21s,745ms,25.5775,27.7862,1.31685,1372,2.11337,400,0.00331121,1000,0.00423438,1768,20,1820,
2019-5-16,10h0m21s,932ms,25.5775,27.7862,1.31685,1372,2.11337,400,0.00331121,1000,0.00423438,1768,20,1820,
2019-5-16,10h0m22s,120ms,25.5775,27.7862,1.31685,1372,2.11337,400,0.00331121,1000,0.00423438,1768,20,1820,
2019-5-16,10h0m22s,307ms,25.5775,27.7862,1.31685,1372,2.11337,400,0.00331121,1000,0.00423438,1768,20,1820,
2019-5-16,10h0m22s,494ms,25.5775,27.7862,1.32296,1372,2.09812,400,0.00331121,1000,0.00423438,1768,20,1820,
2019-5-16,10h0m22s,681ms,25.5775,27.7862,1.32296,1372,2.09812,400,0.00334173,1000,0.00423438,1768,20,1820,
2019-5-16,10h0m22s,868ms,25.5775,27.7862,1.32296,1372,2.09812,400,0.00334173,1000,0.00423438,1768,20,1820,
2019-5-16,10h0m23s,56ms,25.5775,27.7862,1.32296,1372,2.09812,400,0.00334173,1000,0.00423438,1768,20,1820,
2019-5-16,10h0m23s,243ms,25.5775,27.6786,1.32296,1372,2.09812,400,0.00334173,1000,0.00423438,1768,20,1820,
2019-5-16,10h0m23s,430ms,25.5775,27.6786,1.29549,1372,2.09812,400,0.00334173,1000,0.00423438,1768,20,1820,
2019-5-16,10h0m23s,617ms,25.5775,27.6786,1.29549,1372,2.11337,400,0.00315862,1000,0.00423438,1768,20,1820,
2019-5-16,10h0m23s,804ms,25.5775,27.6786,1.29549,1372,2.11337,400,0.00315862,1000,0.00453956,1768,20,1820,
2019-5-16,10h0m23s,992ms,25.5775,27.6786,1.29549,1372,2.11337,400,0.00315862,1000,0.00453956,1768,20,1820,
2019-5-16,10h0m24s,179ms,25.4773,27.6786,1.29549,1372,2.11337,400,0.00315862,1000,0.00453956,1768,20,1820,
2019-5-16,10h0m24s,366ms,25.4773,27.6786,1.32296,1372,2.11337,400,0.00315862,1000,0.00453956,1768,20,1820,
2019-5-16,10h0m24s,553ms,25.4773,27.6786,1.32296,1372,2.09812,400,0.00315862,1000,0.00453956,1768,20,1820,
2019-5-16,10h0m24s,740ms,25.4773,27.6786,1.32296,1372,2.09812,400,0.00334173,1000,0.00423438,1768,20,1820,
2019-5-16,10h0m24s,928ms,25.4773,27.6786,1.32296,1372,2.09812,400,0.00334173,1000,0.00423438,1768,20,1820,
2019-5-16,10h0m25s,115ms,25.5775,27.6786,1.32296,1372,2.09812,400,0.00334173,1000,0.00423438,1768,20,1820,
2019-5-16,10h0m25s,302ms,25.5775,27.6786,1.28023,1372,2.09812,400,0.00334173,1000,0.00423438,1768,20,1820,
2019-5-16,10h0m25s,489ms,25.5775,27.6786,1.28023,1372,2.00656,400,0.00334173,1000,0.00423438,1768,20,1820,
2019-5-16,10h0m25s,676ms,25.5775,27.6786,1.28023,1372,2.00656,400,0.00325017,1000,0.00423438,1768,20,1820,
2019-5-16,10h0m25s,864ms,25.5775,27.6786,1.28023,1372,2.00656,400,0.00325017,1000,0.00438697,1768,20,1820,
2019-5-16,10h0m26s,51ms,25.5775,27.6786,1.28023,1372,2.00656,400,0.00325017,1000,0.00438697,1768,20,1820,
2019-5-16,10h0m26s,238ms,25.5775,27.6786,1.28023,1372,2.00656,400,0.00325017,1000,0.00438697,1768,20,1820,
2019-5-16,10h0m26s,425ms,25.5775,27.6786,1.32296,1372,2.09812,400,0.00325017,1000,0.00438697,1768,20,1820,
2019-5-16,10h0m26s,612ms,25.5775,27.6786,1.32296,1372,2.09812,400,0.00331121,1000,0.00438697,1768,20,1820,
2019-5-16,10h0m26s,800ms,25.5775,27.6786,1.32296,1372,2.09812,400,0.00331121,1000,0.00423438,1768,20,1820,
2019-5-16,10h0m26s,987ms,25.5775,27.6786,1.32296,1372,2.09812,400,0.00331121,1000,0.00423438,1768,20,1820,
2019-5-16,10h0m27s,174ms,25.4773,27.6786,1.32296,1372,2.09812,400,0.00331121,1000,0.00423438,1768,20,1820,
2019-5-16,10h0m27s,361ms,25.4773,27.6786,1.29549,1372,2.09812,400,0.00331121,1000,0.00423438,1768,20,1820,
2019-5-16,10h0m27s,548ms,25.4773,27.6786,1.29549,1372,2.09812,400,0.00318914,1000,0.00423438,1768,20,1820,
2019-5-16,10h0m27s,736ms,25.4773,27.6786,1.29549,1372,2.09812,400,0.00318914,1000,0.00453956,1768,20,1820,
2019-5-16,10h0m27s,923ms,25.4773,27.6786,1.29549,1372,2.09812,400,0.00318914,1000,0.00453956,1768,20,1820,
2019-5-16,10h0m28s,110ms,25.4773,27.6786,1.29549,1372,2.09812,400,0.00318914,1000,0.00453956,1768,20,1820,
2019-5-16,10h0m28s,297ms,25.4773,27.6786,1.32296,1372,2.09812,400,0.00318914,1000,0.00453956,1768,20,1820,
2019-5-16,10h0m28s,484ms,25.4773,27.6786,1.32296,1372,2.11337,400,0.00318914,1000,0.00453956,1768,20,1820,
2019-5-16,10h0m28s,672ms,25.4773,27.6786,1.32296,1372,2.11337,400,0.00334173,1000,0.00453956,1768,20,1820,
2019-5-16,10h0m28s,859ms,25.4773,27.6786,1.32296,1372,2.11337,400,0.00334173,1000,0.00423438,1768,20,1820,
2019-5-16,10h0m29s,46ms,25.4773,27.6786,1.32296,1372,2.11337,400,0.00334173,1000,0.00423438,1768,20,1820,
2019-5-16,10h0m29s,233ms,25.5775,27.6786,1.29549,1372,2.11337,400,0.00334173,1000,0.00423438,1768,20,1820,
2019-5-16,10h0m29s,420ms,25.5775,27.6786,1.29549,1372,2.14389,400,0.00334173,1000,0.00423438,1768,20,1820,
2019-5-16,10h0m29s,608ms,25.5775,27.6786,1.29549,1372,2.14389,400,0.0031281,1000,0.00423438,1768,20,1820,
2019-5-16,10h0m29s,795ms,25.5775,27.6786,1.29549,1372,2.14389,400,0.0031281,1000,0.00446326,1768,20,1820,
2019-5-16,10h0m29s,982ms,25.5775,27.6786,1.29549,1372,2.14389,400,0.0031281,1000,0.00446326,1768,20,1820,
2019-5-16,10h0m30s,169ms,25.5775,27.6786,1.29549,1372,2.14389,400,0.0031281,1000,0.00446326,1768,20,1820,
2019-5-16,10h0m30s,356ms,25.5775,27.6786,1.31991,1372,2.09812,400,0.0031281,1000,0.00446326,1768,20,1820,
2019-5-16,10h0m30s,544ms,25.5775,27.6786,1.31991,1372,2.09812,400,0.00334173,1000,0.00446326,1768,20,1820,
2019-5-16,10h0m30s,731ms,25.5775,27.6786,1.31991,1372,2.09812,400,0.00334173,1000,0.00423438,1768,20,1820,
2019-5-16,10h0m30s,918ms,25.5775,27.6786,1.31991,1372,2.09812,400,0.00334173,1000,0.00423438,1768,20,1820,
2019-5-16,10h0m31s,105ms,25.5775,27.6786,1.31991,1372,2.09812,400,0.00334173,1000,0.00423438,1768,20,1820,
